<?xml version="1.0" encoding="utf-8"?>
<familyset version="23">
    <family name="sans-serif">
        <font weight="100" style="normal">FiraSans-Thin.ttf</font>
        <font weight="100" style="italic">FiraSans-ThinItalic.ttf</font>
        <font weight="300" style="normal">FiraSans-Light.ttf</font>
        <font weight="300" style="italic">FiraSans-LightItalic.ttf</font>
        <font weight="400" style="normal">FiraSans-Regular.ttf</font>
        <font weight="400" style="italic">FiraSans-Italic.ttf</font>
        <font weight="500" style="normal">FiraSans-Medium.ttf</font>
        <font weight="500" style="italic">FiraSans-MediumItalic.ttf</font>
        <font weight="900" style="normal">FiraSans-Black.ttf</font>
        <font weight="900" style="italic">FiraSans-BlackItalic.ttf</font>
        <font weight="700" style="normal">FiraSans-Bold.ttf</font>
        <font weight="700" style="italic">FiraSans-BoldItalic.ttf</font>
    </family>
    <alias name="sans-serif-thin" to="sans-serif" weight="100" />
    <alias name="sans-serif-light" to="sans-serif" weight="300" />
    <alias name="sans-serif-medium" to="sans-serif" weight="500" />
    <alias name="sans-serif-black" to="sans-serif" weight="900" />
    <alias name="arial" to="sans-serif" />
    <alias name="helvetica" to="sans-serif" />
    <alias name="tahoma" to="sans-serif" />
    <alias name="verdana" to="sans-serif" />

    <family name="sans-serif-condensed">
        <font weight="300" style="normal">FiraSansCondensed-Light.ttf</font>
        <font weight="300" style="italic">FiraSansCondensed-LightItalic.ttf</font>
        <font weight="400" style="normal">FiraSansCondensed-Regular.ttf</font>
        <font weight="400" style="italic">FiraSansCondensed-Italic.ttf</font>
        <font weight="500" style="normal">FiraSansCondensed-Medium.ttf</font>
        <font weight="500" style="italic">FiraSansCondensed-MediumItalic.ttf</font>
        <font weight="700" style="normal">FiraSansCondensed-Bold.ttf</font>
        <font weight="700" style="italic">FiraSansCondensed-BoldItalic.ttf</font>
    </family>
    <alias name="sans-serif-condensed-light" to="sans-serif-condensed" weight="300" />
    <alias name="sans-serif-condensed-medium" to="sans-serif-condensed" weight="500" />
</familyset>
