<?xml version="1.0" encoding="utf-8"?>
<familyset version="23">
    <family name="sans-serif">
        <font weight="300" style="normal">SamOne-Light.ttf</font>
        <font weight="400" style="normal">SamOne-Regular.ttf</font>
        <font weight="600" style="normal">SamOne-Medium.ttf</font>
        <font weight="800" style="normal">SamOne-Black.ttf</font>
        <font weight="700" style="normal">SamOne-Bold.ttf</font>
    </family>
    <alias name="sans-serif-light" to="sans-serif" weight="300" />
    <alias name="sans-serif-medium" to="sans-serif" weight="600" />
    <alias name="sans-serif-black" to="sans-serif" weight="800" />
    <alias name="arial" to="sans-serif" />
    <alias name="helvetica" to="sans-serif" />
    <alias name="tahoma" to="sans-serif" />
    <alias name="verdana" to="sans-serif" />
</familyset>
