<?xml version="1.0" encoding="utf-8"?>
<familyset version="23">
    <family name="sans-serif">
        <font weight="100" style="normal">Slate-Thin.ttf</font>
        <font weight="100" style="italic">Slate-ThinItalic.ttf</font>
        <font weight="300" style="normal">Slate-Light.ttf</font>
        <font weight="300" style="italic">Slate-LightItalic.ttf</font>
        <font weight="400" style="normal">Slate-Regular.ttf</font>
        <font weight="400" style="italic">Slate-Italic.ttf</font>
        <font weight="500" style="normal">Slate-Medium.ttf</font>
        <font weight="500" style="italic">Slate-MediumItalic.ttf</font>
        <font weight="900" style="normal">Slate-Black.ttf</font>
        <font weight="900" style="italic">Slate-BlackItalic.ttf</font>
        <font weight="700" style="normal">Slate-Bold.ttf</font>
        <font weight="700" style="italic">Slate-BoldItalic.ttf</font>
    </family>
    <alias name="sans-serif-thin" to="sans-serif" weight="100" />
    <alias name="sans-serif-light" to="sans-serif" weight="300" />
    <alias name="sans-serif-medium" to="sans-serif" weight="500" />
    <alias name="sans-serif-black" to="sans-serif" weight="900" />
    <alias name="arial" to="sans-serif" />
    <alias name="helvetica" to="sans-serif" />
    <alias name="tahoma" to="sans-serif" />
    <alias name="verdana" to="sans-serif" />

    <family name="sans-serif-condensed">
        <font weight="300" style="normal">SlateCondensed-Light.ttf</font>
        <font weight="300" style="italic">SlateCondensed-LightItalic.ttf</font>
        <font weight="400" style="normal">SlateCondensed-Regular.ttf</font>
        <font weight="400" style="italic">SlateCondensed-Italic.ttf</font>
        <font weight="700" style="normal">SlateCondensed-Bold.ttf</font>
        <font weight="700" style="italic">SlateCondensed-BoldItalic.ttf</font>
    </family>
    <alias name="sans-serif-condensed-light" to="sans-serif-condensed" weight="300" />
</familyset>
