<?xml version="1.0" encoding="utf-8"?>
<familyset version="23">
    <family name="sans-serif">
        <font weight="300" style="normal">Ubuntu-Light.ttf</font>
        <font weight="300" style="italic">Ubuntu-LightItalic.ttf</font>
        <font weight="400" style="normal">Ubuntu-Regular.ttf</font>
        <font weight="400" style="italic">Ubuntu-Italic.ttf</font>
        <font weight="500" style="normal">Ubuntu-Medium.ttf</font>
        <font weight="500" style="italic">Ubuntu-MediumItalic.ttf</font>
        <font weight="700" style="normal">Ubuntu-Bold.ttf</font>
        <font weight="700" style="italic">Ubuntu-BoldItalic.ttf</font>
    </family>
    <alias name="sans-serif-light" to="sans-serif" weight="300" />
    <alias name="sans-serif-medium" to="sans-serif" weight="500" />
    <alias name="arial" to="sans-serif" />
    <alias name="helvetica" to="sans-serif" />
    <alias name="tahoma" to="sans-serif" />
    <alias name="verdana" to="sans-serif" />

    <family name="sans-serif-condensed">
        <font weight="400" style="normal">UbuntuCondensed-Regular.ttf</font>
    </family>
