<?xml version="1.0" encoding="utf-8"?>
<familyset version="23">
    <family name="sans-serif">
        <font weight="100" style="normal">SF-Thin.ttf</font>
        <font weight="100" style="italic">SF-ThinItalic.ttf</font>
        <font weight="300" style="normal">SF-Light.ttf</font>
        <font weight="300" style="italic">SF-LightItalic.ttf</font>
        <font weight="400" style="normal">SF-Regular.ttf</font>
        <font weight="400" style="italic">SF-Italic.ttf</font>
        <font weight="500" style="normal">SF-Medium.ttf</font>
        <font weight="500" style="italic">SF-MediumItalic.ttf</font>
        <font weight="900" style="normal">SF-Black.ttf</font>
        <font weight="900" style="italic">SF-BlackItalic.ttf</font>
        <font weight="700" style="normal">SF-Bold.ttf</font>
        <font weight="700" style="italic">SF-BoldItalic.ttf</font>
    </family>
    <alias name="sans-serif-thin" to="sans-serif" weight="100" />
    <alias name="sans-serif-light" to="sans-serif" weight="300" />
    <alias name="sans-serif-medium" to="sans-serif" weight="500" />
    <alias name="sans-serif-black" to="sans-serif" weight="900" />
    <alias name="arial" to="sans-serif" />
    <alias name="helvetica" to="sans-serif" />
    <alias name="tahoma" to="sans-serif" />
    <alias name="verdana" to="sans-serif" />

    <family name="sans-serif-condensed">
        <font weight="300" style="normal">SFCondensed-Light.ttf</font>
        <font weight="400" style="normal">SFCondensed-Regular.ttf</font>
        <font weight="500" style="normal">SFCondensed-Medium.ttf</font>
        <font weight="700" style="normal">SFCondensed-Bold.ttf</font>
    </family>
    <alias name="sans-serif-condensed-light" to="sans-serif-condensed" weight="300" />
    <alias name="sans-serif-condensed-medium" to="sans-serif-condensed" weight="500" />
</familyset>
