<?xml version="1.0" encoding="utf-8"?>
<familyset version="23">
    <family name="sans-serif">
        <font weight="100" style="normal">GSans-Thin.ttf</font>
        <font weight="100" style="italic">GSans-ThinItalic.ttf</font>
        <font weight="300" style="normal">GSans-Light.ttf</font>
        <font weight="300" style="italic">GSans-LightItalic.ttf</font>
        <font weight="400" style="normal">GSans-Regular.ttf</font>
        <font weight="400" style="italic">GSans-Italic.ttf</font>
        <font weight="500" style="normal">GSans-Medium.ttf</font>
        <font weight="500" style="italic">GSans-MediumItalic.ttf</font>
        <font weight="900" style="normal">GSans-Black.ttf</font>
        <font weight="900" style="italic">GSans-BlackItalic.ttf</font>
        <font weight="700" style="normal">GSans-Bold.ttf</font>
        <font weight="700" style="italic">GSans-BoldItalic.ttf</font>
    </family>
    <alias name="sans-serif-thin" to="sans-serif" weight="100" />
    <alias name="sans-serif-light" to="sans-serif" weight="300" />
    <alias name="sans-serif-medium" to="sans-serif" weight="500" />
    <alias name="sans-serif-black" to="sans-serif" weight="900" />
    <alias name="arial" to="sans-serif" />
    <alias name="helvetica" to="sans-serif" />
    <alias name="tahoma" to="sans-serif" />
    <alias name="verdana" to="sans-serif" />

    <family name="sans-serif-condensed">
        <font weight="300" style="normal">GSansCondensed-Light.ttf</font>
        <font weight="300" style="italic">GSansCondensed-LightItalic.ttf</font>
        <font weight="400" style="normal">GSansCondensed-Regular.ttf</font>
        <font weight="400" style="italic">GSansCondensed-Italic.ttf</font>
        <font weight="700" style="normal">GSansCondensed-Bold.ttf</font>
        <font weight="700" style="italic">GSansCondensed-BoldItalic.ttf</font>
    </family>
    <alias name="sans-serif-condensed-light" to="sans-serif-condensed" weight="300" />
</familyset>
